country_region_code,country_region,sub_region_1,sub_region_2,metro_area,iso_3166_2_code,census_fips_code,place_id,date,retail_and_recreation_percent_change_from_baseline,grocery_and_pharmacy_percent_change_from_baseline,parks_percent_change_from_baseline,transit_stations_percent_change_from_baseline,workplaces_percent_change_from_baseline,residential_percent_change_from_baseline
AW,Aruba,,,,,,ChIJ23da4s84hY4RL4yBiT6KavE,2021-01-01,-55,-77,52,-56,-72,22
AW,Aruba,,,,,,ChIJ23da4s84hY4RL4yBiT6KavE,2021-01-02,-32,-17,38,-50,-28,10
AW,Aruba,,,,,,ChIJ23da4s84hY4RL4yBiT6KavE,2021-01-03,-19,-18,51,-45,-10,4
AW,Aruba,,,,,,ChIJ23da4s84hY4RL4yBiT6KavE,2021-01-04,-11,-7,58,-40,-27,9
AW,Aruba,,,,,,ChIJ23da4s84hY4RL4yBiT6KavE,2021-01-05,-10,-4,47,-50,-25,8
AW,Aruba,,,,,,ChIJ23da4s84hY4RL4yBiT6KavE,2021-01-06,-16,-8,26,-42,-12,6
AW,Aruba,,,,,,ChIJ23da4s84hY4RL4yBiT6KavE,2021-01-07,-17,-7,27,-42,-11,6
AW,Aruba,,,,,,ChIJ23da4s84hY4RL4yBiT6KavE,2021-01-08,-12,-2,28,-43,-9,3
AW,Aruba,,,,,,ChIJ23da4s84hY4RL4yBiT6KavE,2021-01-09,-18,-3,21,-52,-12,4
AW,Aruba,,,,,,ChIJ23da4s84hY4RL4yBiT6KavE,2021-01-10,-21,-13,25,-51,-12,3
AW,Aruba,,,,,,ChIJ23da4s84hY4RL4yBiT6KavE,2021-01-11,-16,-4,36,-44,-11,3
AW,Aruba,,,,,,ChIJ23da4s84hY4RL4yBiT6KavE,2021-01-12,-15,-7,27,-53,-10,2
AW,Aruba,,,,,,ChIJ23da4s84hY4RL4yBiT6KavE,2021-01-13,-21,-14,16,-47,-13,3
AW,Aruba,,,,,,ChIJ23da4s84hY4RL4yBiT6KavE,2021-01-14,-24,-13,14,-49,-14,3
AW,Aruba,,,,,,ChIJ23da4s84hY4RL4yBiT6KavE,2021-01-15,-20,-11,21,-46,-11,1
AW,Aruba,,,,,,ChIJ23da4s84hY4RL4yBiT6KavE,2021-01-16,-26,-10,11,-57,-17,5
AW,Aruba,,,,,,ChIJ23da4s84hY4RL4yBiT6KavE,2021-01-17,-26,-19,26,-57,-17,3
AW,Aruba,,,,,,ChIJ23da4s84hY4RL4yBiT6KavE,2021-01-18,-22,-12,35,-47,-15,3
AW,Aruba,,,,,,ChIJ23da4s84hY4RL4yBiT6KavE,2021-01-19,-23,-14,23,-55,-13,3
AW,Aruba,,,,,,ChIJ23da4s84hY4RL4yBiT6KavE,2021-01-20,-22,-13,18,-49,-14,3
AW,Aruba,,,,,,ChIJ23da4s84hY4RL4yBiT6KavE,2021-01-21,-21,-10,16,-49,-13,2
AW,Aruba,,,,,,ChIJ23da4s84hY4RL4yBiT6KavE,2021-01-22,-14,-2,20,-46,-11,0
AW,Aruba,,,,,,ChIJ23da4s84hY4RL4yBiT6KavE,2021-01-23,-17,2,16,-58,-15,2
AW,Aruba,,,,,,ChIJ23da4s84hY4RL4yBiT6KavE,2021-01-24,-19,4,32,-55,-15,0
AW,Aruba,,,,,,ChIJ23da4s84hY4RL4yBiT6KavE,2021-01-25,-34,-76,83,-60,-70,19
AW,Aruba,,,,,,ChIJ23da4s84hY4RL4yBiT6KavE,2021-01-26,-20,-3,6,-56,-15,2
AW,Aruba,,,,,,ChIJ23da4s84hY4RL4yBiT6KavE,2021-01-27,-19,-4,10,-50,-13,2
AW,Aruba,,,,,,ChIJ23da4s84hY4RL4yBiT6KavE,2021-01-28,-17,-3,14,-50,-11,0
AW,Aruba,,,,,,ChIJ23da4s84hY4RL4yBiT6KavE,2021-01-29,-10,2,21,-42,-8,-4
AW,Aruba,,,,,,ChIJ23da4s84hY4RL4yBiT6KavE,2021-01-30,-14,7,22,-57,-13,-2
AW,Aruba,,,,,,ChIJ23da4s84hY4RL4yBiT6KavE,2021-01-31,-20,-7,24,-55,-14,-2
AW,Aruba,,,,,,ChIJ23da4s84hY4RL4yBiT6KavE,2021-02-01,-16,-2,24,-50,-12,-3
AW,Aruba,,,,,,ChIJ23da4s84hY4RL4yBiT6KavE,2021-02-02,-19,-5,19,-54,-11,-3
AW,Aruba,,,,,,ChIJ23da4s84hY4RL4yBiT6KavE,2021-02-03,-20,-9,13,-49,-12,-1
AW,Aruba,,,,,,ChIJ23da4s84hY4RL4yBiT6KavE,2021-02-04,-22,-9,20,-49,-11,0
AW,Aruba,,,,,,ChIJ23da4s84hY4RL4yBiT6KavE,2021-02-05,-13,-3,32,-46,-9,-3
AW,Aruba,,,,,,ChIJ23da4s84hY4RL4yBiT6KavE,2021-02-06,-17,-1,32,-59,-13,0
AW,Aruba,,,,,,ChIJ23da4s84hY4RL4yBiT6KavE,2021-02-07,-19,-13,40,-58,-13,-1
AW,Aruba,,,,,,ChIJ23da4s84hY4RL4yBiT6KavE,2021-02-08,-15,-9,42,-49,-24,3
AW,Aruba,,,,,,ChIJ23da4s84hY4RL4yBiT6KavE,2021-02-09,-17,-9,25,-52,-11,-2
AW,Aruba,,,,,,ChIJ23da4s84hY4RL4yBiT6KavE,2021-02-10,-18,-11,17,-49,-11,-1
AW,Aruba,,,,,,ChIJ23da4s84hY4RL4yBiT6KavE,2021-02-11,-18,-7,25,-48,-11,-4
AW,Aruba,,,,,,ChIJ23da4s84hY4RL4yBiT6KavE,2021-02-12,-12,-3,37,-42,-8,-8
AW,Aruba,,,,,,ChIJ23da4s84hY4RL4yBiT6KavE,2021-02-13,-13,3,35,-55,-12,-7
AW,Aruba,,,,,,ChIJ23da4s84hY4RL4yBiT6KavE,2021-02-14,0,-7,53,-54,-10,-8
AW,Aruba,,,,,,ChIJ23da4s84hY4RL4yBiT6KavE,2021-02-15,-35,-41,72,-63,-67,10
AW,Aruba,,,,,,ChIJ23da4s84hY4RL4yBiT6KavE,2021-02-16,-18,-5,32,-50,-12,-8
AW,Aruba,,,,,,ChIJ23da4s84hY4RL4yBiT6KavE,2021-02-17,-20,-8,22,-49,-11,-7
AW,Aruba,,,,,,ChIJ23da4s84hY4RL4yBiT6KavE,2021-02-18,-19,-8,20,-51,-11,-7
AW,Aruba,,,,,,ChIJ23da4s84hY4RL4yBiT6KavE,2021-02-19,-14,-1,35,-47,-6,-9
AW,Aruba,,,,,,ChIJ23da4s84hY4RL4yBiT6KavE,2021-02-20,-16,1,34,-54,-10,-6
AW,Aruba,,,,,,ChIJ23da4s84hY4RL4yBiT6KavE,2021-02-21,-18,-11,42,-53,-12,-6
AW,Aruba,,,,,,ChIJ23da4s84hY4RL4yBiT6KavE,2021-02-22,-16,-7,46,-49,-9,-8
AW,Aruba,,,,,,ChIJ23da4s84hY4RL4yBiT6KavE,2021-02-23,-12,-2,29,-56,-10,-8
AW,Aruba,,,,,,ChIJ23da4s84hY4RL4yBiT6KavE,2021-02-24,-13,-2,16,-53,-10,-7
AW,Aruba,,,,,,ChIJ23da4s84hY4RL4yBiT6KavE,2021-02-25,-11,-4,29,-53,-9,-9
AW,Aruba,,,,,,ChIJ23da4s84hY4RL4yBiT6KavE,2021-02-26,0,7,37,-46,-5,-11
AW,Aruba,,,,,,ChIJ23da4s84hY4RL4yBiT6KavE,2021-02-27,-3,13,42,-56,-8,-9
AW,Aruba,,,,,,ChIJ23da4s84hY4RL4yBiT6KavE,2021-02-28,-8,-1,49,-51,-6,-8
AW,Aruba,,,,,,ChIJ23da4s84hY4RL4yBiT6KavE,2021-03-01,-4,4,43,-51,-9,-10
AW,Aruba,,,,,,ChIJ23da4s84hY4RL4yBiT6KavE,2021-03-02,-8,-1,32,-53,-8,-9
AW,Aruba,,,,,,ChIJ23da4s84hY4RL4yBiT6KavE,2021-03-03,-9,-2,20,-51,-8,-9
AW,Aruba,,,,,,ChIJ23da4s84hY4RL4yBiT6KavE,2021-03-04,-12,-1,26,-48,-7,-9
AW,Aruba,,,,,,ChIJ23da4s84hY4RL4yBiT6KavE,2021-03-05,-6,3,38,-48,-5,-11
AW,Aruba,,,,,,ChIJ23da4s84hY4RL4yBiT6KavE,2021-03-06,-7,5,39,-53,-9,-8
AW,Aruba,,,,,,ChIJ23da4s84hY4RL4yBiT6KavE,2021-03-07,-11,-6,47,-50,-10,-7
AW,Aruba,,,,,,ChIJ23da4s84hY4RL4yBiT6KavE,2021-03-08,-9,-3,45,-55,-9,-9
AW,Aruba,,,,,,ChIJ23da4s84hY4RL4yBiT6KavE,2021-03-09,-12,-5,38,-52,-8,-9
AW,Aruba,,,,,,ChIJ23da4s84hY4RL4yBiT6KavE,2021-03-10,-13,-5,25,-50,-9,-8
AW,Aruba,,,,,,ChIJ23da4s84hY4RL4yBiT6KavE,2021-03-11,-14,-6,27,-51,-8,-8
AW,Aruba,,,,,,ChIJ23da4s84hY4RL4yBiT6KavE,2021-03-12,-9,-1,40,-50,-4,-10
AW,Aruba,,,,,,ChIJ23da4s84hY4RL4yBiT6KavE,2021-03-13,-11,1,36,-53,-8,-6
AW,Aruba,,,,,,ChIJ23da4s84hY4RL4yBiT6KavE,2021-03-14,-14,-7,46,-49,-9,-6
AW,Aruba,,,,,,ChIJ23da4s84hY4RL4yBiT6KavE,2021-03-15,-11,-3,42,-51,-7,-8
AW,Aruba,,,,,,ChIJ23da4s84hY4RL4yBiT6KavE,2021-03-16,-10,-3,34,-54,-8,-8
AW,Aruba,,,,,,ChIJ23da4s84hY4RL4yBiT6KavE,2021-03-17,0,16,36,-49,-9,-10
AW,Aruba,,,,,,ChIJ23da4s84hY4RL4yBiT6KavE,2021-03-18,-18,-70,86,-59,-68,8
AW,Aruba,,,,,,ChIJ23da4s84hY4RL4yBiT6KavE,2021-03-19,-11,8,39,-50,-33,-1
AW,Aruba,,,,,,ChIJ23da4s84hY4RL4yBiT6KavE,2021-03-20,-17,-1,29,-49,-11,-4
AW,Aruba,,,,,,ChIJ23da4s84hY4RL4yBiT6KavE,2021-03-21,-21,-11,34,-48,-12,-4
AW,Aruba,,,,,,ChIJ23da4s84hY4RL4yBiT6KavE,2021-03-22,-11,-3,42,-50,-9,-7
AW,Aruba,,,,,,ChIJ23da4s84hY4RL4yBiT6KavE,2021-03-23,-10,-1,34,-53,-8,-8
AW,Aruba,,,,,,ChIJ23da4s84hY4RL4yBiT6KavE,2021-03-24,-10,-1,22,-51,-10,-6
AW,Aruba,,,,,,ChIJ23da4s84hY4RL4yBiT6KavE,2021-03-25,-11,0,26,-46,-8,-7
AW,Aruba,,,,,,ChIJ23da4s84hY4RL4yBiT6KavE,2021-03-26,-6,8,37,-48,-5,-8
AW,Aruba,,,,,,ChIJ23da4s84hY4RL4yBiT6KavE,2021-03-27,-13,6,33,-52,-10,-4
AW,Aruba,,,,,,ChIJ23da4s84hY4RL4yBiT6KavE,2021-03-28,-16,-5,42,-48,-11,-4
AW,Aruba,,,,,,ChIJ23da4s84hY4RL4yBiT6KavE,2021-03-29,-8,-1,51,-47,-18,-3
AW,Aruba,,,,,,ChIJ23da4s84hY4RL4yBiT6KavE,2021-03-30,-4,-2,46,-54,-18,-4
AW,Aruba,,,,,,ChIJ23da4s84hY4RL4yBiT6KavE,2021-03-31,-1,6,34,-45,-18,-5
AW,Aruba,,,,,,ChIJ23da4s84hY4RL4yBiT6KavE,2021-04-01,2,30,37,-47,-24,-5
AW,Aruba,,,,,,ChIJ23da4s84hY4RL4yBiT6KavE,2021-04-02,-50,-78,35,-61,-67,16
AW,Aruba,,,,,,ChIJ23da4s84hY4RL4yBiT6KavE,2021-04-03,-11,31,30,-50,-13,-5
AW,Aruba,,,,,,ChIJ23da4s84hY4RL4yBiT6KavE,2021-04-04,-28,-71,38,-52,-15,-3
AW,Aruba,,,,,,ChIJ23da4s84hY4RL4yBiT6KavE,2021-04-05,-32,-74,65,-58,-68,12
AW,Aruba,,,,,,ChIJ23da4s84hY4RL4yBiT6KavE,2021-04-06,0,14,41,-55,-23,-5
AW,Aruba,,,,,,ChIJ23da4s84hY4RL4yBiT6KavE,2021-04-07,-5,1,32,-48,-23,-3
AW,Aruba,,,,,,ChIJ23da4s84hY4RL4yBiT6KavE,2021-04-08,-7,-2,33,-46,-22,-3
AW,Aruba,,,,,,ChIJ23da4s84hY4RL4yBiT6KavE,2021-04-09,-6,1,37,-45,-19,-4
AW,Aruba,,,,,,ChIJ23da4s84hY4RL4yBiT6KavE,2021-04-10,-9,5,30,-47,-8,-5
AW,Aruba,,,,,,ChIJ23da4s84hY4RL4yBiT6KavE,2021-04-11,-15,-11,34,-49,-8,-5
AW,Aruba,,,,,,ChIJ23da4s84hY4RL4yBiT6KavE,2021-04-12,-6,-3,49,-45,-8,-8
AW,Aruba,,,,,,ChIJ23da4s84hY4RL4yBiT6KavE,2021-04-13,-7,-6,33,-50,-7,-8
AW,Aruba,,,,,,ChIJ23da4s84hY4RL4yBiT6KavE,2021-04-14,-8,-7,24,-46,-8,-7
AW,Aruba,,,,,,ChIJ23da4s84hY4RL4yBiT6KavE,2021-04-15,-10,-6,29,-45,-6,-7
AW,Aruba,,,,,,ChIJ23da4s84hY4RL4yBiT6KavE,2021-04-16,-5,0,34,-45,-3,-8
AW,Aruba,,,,,,ChIJ23da4s84hY4RL4yBiT6KavE,2021-04-17,-10,1,28,-49,-6,-4
AW,Aruba,,,,,,ChIJ23da4s84hY4RL4yBiT6KavE,2021-04-18,-14,-13,38,-47,-7,-4
AW,Aruba,,,,,,ChIJ23da4s84hY4RL4yBiT6KavE,2021-04-19,-7,-3,48,-43,-6,-7
AW,Aruba,,,,,,ChIJ23da4s84hY4RL4yBiT6KavE,2021-04-20,-4,1,36,-49,-5,-8
AW,Aruba,,,,,,ChIJ23da4s84hY4RL4yBiT6KavE,2021-04-21,-7,-6,25,-48,-6,-7
AW,Aruba,,,,,,ChIJ23da4s84hY4RL4yBiT6KavE,2021-04-22,-5,-1,31,-43,-4,-8
AW,Aruba,,,,,,ChIJ23da4s84hY4RL4yBiT6KavE,2021-04-23,0,5,37,-41,-2,-9
AW,Aruba,,,,,,ChIJ23da4s84hY4RL4yBiT6KavE,2021-04-24,-2,13,36,-46,-5,-7
AW,Aruba,,,,,,ChIJ23da4s84hY4RL4yBiT6KavE,2021-04-25,-1,0,47,-47,-3,-7
AW,Aruba,,,,,,ChIJ23da4s84hY4RL4yBiT6KavE,2021-04-26,12,19,73,-43,-30,-4
AW,Aruba,,,,,,ChIJ23da4s84hY4RL4yBiT6KavE,2021-04-27,-20,-39,72,-58,-64,8
AW,Aruba,,,,,,ChIJ23da4s84hY4RL4yBiT6KavE,2021-04-28,-4,1,25,-47,-8,-8
AW,Aruba,,,,,,ChIJ23da4s84hY4RL4yBiT6KavE,2021-04-29,-1,4,30,-42,-5,-9
AW,Aruba,,,,,,ChIJ23da4s84hY4RL4yBiT6KavE,2021-04-30,10,25,44,-38,-3,-12
AW,Aruba,,,,,,ChIJ23da4s84hY4RL4yBiT6KavE,2021-05-01,-29,-69,36,-49,-34,0
AW,Aruba,,,,,,ChIJ23da4s84hY4RL4yBiT6KavE,2021-05-02,3,15,44,-44,-4,-8
AW,Aruba,,,,,,ChIJ23da4s84hY4RL4yBiT6KavE,2021-05-03,9,13,62,-44,-18,-6
AW,Aruba,,,,,,ChIJ23da4s84hY4RL4yBiT6KavE,2021-05-04,1,3,39,-45,-3,-10
AW,Aruba,,,,,,ChIJ23da4s84hY4RL4yBiT6KavE,2021-05-05,0,4,32,-43,-4,-9
AW,Aruba,,,,,,ChIJ23da4s84hY4RL4yBiT6KavE,2021-05-06,-2,4,36,-44,-3,-9
AW,Aruba,,,,,,ChIJ23da4s84hY4RL4yBiT6KavE,2021-05-07,6,7,45,-40,0,-10
AW,Aruba,,,,,,ChIJ23da4s84hY4RL4yBiT6KavE,2021-05-08,9,22,55,-43,-4,-9
AW,Aruba,,,,,,ChIJ23da4s84hY4RL4yBiT6KavE,2021-05-09,7,-7,41,-42,-3,-8
AW,Aruba,,,,,,ChIJ23da4s84hY4RL4yBiT6KavE,2021-05-10,0,1,53,-38,-6,-8
AW,Aruba,,,,,,ChIJ23da4s84hY4RL4yBiT6KavE,2021-05-11,-2,0,43,-45,-4,-9
AW,Aruba,,,,,,ChIJ23da4s84hY4RL4yBiT6KavE,2021-05-12,6,9,35,-39,-8,-9
AW,Aruba,,,,,,ChIJ23da4s84hY4RL4yBiT6KavE,2021-05-13,-22,-36,55,-56,-61,9
AW,Aruba,,,,,,ChIJ23da4s84hY4RL4yBiT6KavE,2021-05-14,3,10,48,-42,-29,-2
AW,Aruba,,,,,,ChIJ23da4s84hY4RL4yBiT6KavE,2021-05-15,-4,2,44,-45,-5,-7
AW,Aruba,,,,,,ChIJ23da4s84hY4RL4yBiT6KavE,2021-05-16,-4,-7,48,-40,-4,-6
AW,Aruba,,,,,,ChIJ23da4s84hY4RL4yBiT6KavE,2021-05-17,0,0,56,-40,-4,-9
AW,Aruba,,,,,,ChIJ23da4s84hY4RL4yBiT6KavE,2021-05-18,-1,-3,46,-46,-2,-9
AW,Aruba,,,,,,ChIJ23da4s84hY4RL4yBiT6KavE,2021-05-19,-1,-1,32,-41,-3,-7
AW,Aruba,,,,,,ChIJ23da4s84hY4RL4yBiT6KavE,2021-05-20,-2,1,29,-38,-2,-6
AW,Aruba,,,,,,ChIJ23da4s84hY4RL4yBiT6KavE,2021-05-21,7,9,38,-39,2,-9
AW,Aruba,,,,,,ChIJ23da4s84hY4RL4yBiT6KavE,2021-05-22,5,13,33,-38,-2,-6
AW,Aruba,,,,,,ChIJ23da4s84hY4RL4yBiT6KavE,2021-05-23,10,2,42,-37,0,-5
AW,Aruba,,,,,,ChIJ23da4s84hY4RL4yBiT6KavE,2021-05-24,3,4,56,-35,-4,-7
AW,Aruba,,,,,,ChIJ23da4s84hY4RL4yBiT6KavE,2021-05-25,4,5,49,-41,-1,-7
AW,Aruba,,,,,,ChIJ23da4s84hY4RL4yBiT6KavE,2021-05-26,6,5,36,-32,-4,-7
AW,Aruba,,,,,,ChIJ23da4s84hY4RL4yBiT6KavE,2021-05-27,8,7,48,-35,-2,-8
AW,Aruba,,,,,,ChIJ23da4s84hY4RL4yBiT6KavE,2021-05-28,19,13,63,-31,2,-11
